Date,Close/Last,COMP,NATS,MSCI
5/30/2024,10205.24,16737.08,1633.19,4983.64
5/29/2024,10396.4,16920.58,1733.33,5014.18
5/28/2024,10526.85,17019.88,1739.75,5051.64
5/24/2024,10549.22,16920.79,1751.27,5051.83
5/23/2024,10495.82,16736.03,1770.08,5016.81
5/22/2024,10568.8,16801.54,1784.41,5055.16
5/21/2024,10507.1,16832.62,1787.15,5070.03
5/20/2024,10554.51,16794.87,1800.16,5059.09
5/17/2024,10419.3,16685.97,1782.24,5053.45
5/16/2024,10436.75,16698.32,1773.34,5047.17
5/15/2024,10454.29,16742.39,1778.01,5058.34
5/14/2024,10213.48,16511.18,1734.31,4998.19
5/13/2024,10140.59,16388.24,1723.35,4973.39
5/10/2024,10090.34,16340.87,1721.01,4974.98
5/9/2024,10038.43,16346.26,1714.57,4967.82
5/8/2024,10061.81,16302.76,1716.62,4942.78
5/7/2024,10076.02,16332.56,1722.9,4943.72
5/6/2024,10112.97,16349.25,1732.78,4938.83
5/3/2024,9982.19,16156.33,1707.68,4887.17
5/2/2024,9840.5,15840.96,1687.45,4827.77
5/1/2024,9692.12,15605.48,1670.23,4782.12
4/30/2024,9845.68,15657.82,1668.64,4797.68
4/29/2024,10039.64,15983.08,1712.31,4875.69
4/26/2024,10055.63,15927.9,1715.86,4859.58
4/25/2024,9893.93,15611.76,1698.56,4809.72
4/24/2024,9895.33,15712.75,1714.21,4830.9
4/23/2024,9828.82,15696.64,1713.34,4830.04
4/22/2024,9631.73,15451.31,1680.92,4770.6
4/19/2024,9500.55,15282.01,1662.69,4729.08
4/18/2024,9716.7,15601.5,1682.16,4771.97
4/17/2024,9816.78,15683.37,1694.87,4782.78
4/16/2024,10010.93,15865.25,1709.95,4811.77
4/15/2024,9976.72,15885.02,1704.54,4821.68
4/12/2024,10162.06,16175.09,1752.79,4882.91
4/11/2024,10419.72,16442.2,1783.09,4956.47
4/10/2024,10243.23,16170.36,1771.26,4919.59
4/9/2024,10400.32,16306.64,1793.98,4966.5
4/8/2024,10309.02,16253.96,1789.32,4959.76
4/5/2024,10306.57,16248.52,1784.56,4960.81
4/4/2024,10172.51,16049.08,1763.48,4905.74
4/3/2024,10372.26,16277.46,1785.54,4966.84
4/2/2024,10348.49,16240.45,1782.46,4960.61
4/1/2024,10463.7,16396.83,1801.56,4997.36
3/28/2024,10420.33,16379.46,1809,5008.17
3/27/2024,10427.4,16399.52,1811.05,5003.15
3/26/2024,10373.65,16315.7,1820.82,4962.18
3/25/2024,10388.22,16384.47,1817.41,4975.28
3/22/2024,10444.17,16428.82,1822.39,4989.14
3/21/2024,10472.44,16401.84,1835.42,4996.98
3/20/2024,10372.62,16369.41,1823.25,4979.53
3/19/2024,10224.57,16166.79,1804.3,4934.06
3/18/2024,10221.21,16103.45,1791.78,4906.9
3/15/2024,10146.99,15973.17,1770.31,4876.35
3/14/2024,10298.42,16128.53,1821.1,4908.92
3/13/2024,10391.86,16177.77,1831.11,4925.4
3/12/2024,10530.35,16265.64,1844,4934.2
3/11/2024,10359.64,16019.27,1802.95,4879.68
3/8/2024,10415.33,16085.11,1799.37,4886.04
3/7/2024,10686.65,16273.38,1810.14,4919.01
3/6/2024,10475.54,16031.54,1787.39,4868.14
3/5/2024,10332.76,15939.59,1762.28,4841.42
3/4/2024,10606.42,16207.51,1834.31,4893.49
3/1/2024,10606.23,16274.94,1840.06,4898.48
2/29/2024,10411.78,16091.92,1824.46,4859.23
2/28/2024,10257.58,15947.74,1808.07,4833.73
2/27/2024,10347.51,16035.3,1812.45,4842.24
2/26/2024,10329.92,15976.25,1809.82,4833.36
2/23/2024,10265.71,15996.82,1792.01,4849.54
2/22/2024,10306.18,16041.62,1783.26,4849.02
2/21/2024,9939.39,15580.87,1736.95,4747.73
2/20/2024,10122.3,15630.78,1788.95,4744.28
2/16/2024,10225.03,15775.65,1811.5,4775.1
2/15/2024,10342.72,15906.17,1843.08,4799.85
2/14/2024,10347.87,15859.15,1848.02,4771.83
2/13/2024,10154.5,15655.6,1810.43,4723.73
2/12/2024,10371.7,15942.55,1852.49,4790.09
2/9/2024,10435.12,15990.66,1874.72,4794.47
2/8/2024,10256.3,15793.71,1850.78,4766.07
2/7/2024,10145.02,15756.64,1831.55,4761.3
2/6/2024,9966.25,15609,1797.49,4722.29
2/5/2024,10017.66,15597.68,1801.37,4710.07
2/2/2024,10021.72,15628.95,1811.68,4726.29
2/1/2024,9888.86,15361.64,1798.49,4676.85
1/31/2024,9797.68,15164.01,1774.35,4618.9
1/30/2024,9974.82,15509.9,1814.98,4695.33
1/29/2024,10077.29,15628.04,1821.03,4699.37
1/26/2024,9947.71,15455.36,1784.95,4661.76
1/25/2024,10092.35,15510.5,1788.34,4664.07
1/24/2024,10103.12,15481.92,1784.31,4641.46
1/23/2024,10035.03,15425.94,1784.36,4639.51
1/22/2024,9994.6,15360.29,1782.42,4626.8
1/19/2024,9921.77,15310.97,1763.93,4614.26
1/18/2024,9658.97,15055.65,1733.19,4556.77
1/17/2024,9485.01,14855.62,1716.21,4517.09
1/16/2024,9562.14,14944.35,1722.75,4542.99
1/12/2024,9534.17,14972.76,1723.17,4560.5
1/11/2024,9539.06,14970.18,1717.21,4557.03
1/10/2024,9488.72,14969.65,1703.32,4560.03
1/9/2024,9431.27,14857.71,1680.97,4534.86
1/8/2024,9382.04,14843.77,1673.29,4541.61
1/5/2024,9122.27,14524.07,1628.74,4476.43
1/4/2024,9098.91,14510.3,1629.56,4468.47
1/3/2024,9152.49,14592.21,1634.14,4483.14
1/2/2024,9286.98,14765.94,1662.38,4521.92
12/29/2023,9587.92,15011.35,1709.66,4552.01
12/28/2023,9650.4,15095.14,1721.23,4566.62
12/27/2023,9660.16,15099.18,1722.71,4565.19
12/26/2023,9661.82,15074.57,1723.55,4558.85
12/22/2023,9566.56,14992.97,1717.2,4539.06
12/21/2023,9523.19,14963.87,1714.73,4531.65
12/20/2023,9344.42,14777.94,1690.88,4484.69
12/19/2023,9514.86,15003.22,1716.22,4552.49
12/18/2023,9475.25,14905.19,1705.66,4525.09
12/15/2023,9483.86,14813.92,1693.35,4504.78
12/14/2023,9404.68,14761.56,1673.3,4505.54
12/13/2023,9311.25,14733.96,1696.67,4490.12
12/12/2023,9184.73,14533.4,1677.13,4428.51
12/11/2023,9095.48,14432.49,1674.92,4408.34
12/8/2023,8887.07,14403.97,1656.87,4390.41
12/7/2023,8847,14339.99,1643.37,4371.31
12/6/2023,8686.94,14146.71,1633.56,4336.97
12/5/2023,8749.09,14229.91,1651.03,4354.09
12/4/2023,8767.82,14185.49,1650.78,4357.47
12/1/2023,8878.94,14305.03,1672.45,4381.11
11/30/2023,8850.47,14226.22,1648.98,4352.86
11/29/2023,8874.27,14258.49,1636.6,4335.93
11/28/2023,8739.96,14281.76,1610.29,4336.78
11/27/2023,8677.03,14241.02,1600.08,4331.94
11/24/2023,8692.1,14250.85,1600.5,4339.65
11/22/2023,8672.38,14265.86,1596.58,4336.26
11/21/2023,8671.45,14199.98,1595.15,4318.61
11/20/2023,8758.75,14284.53,1604.09,4327.91
11/17/2023,8619.83,14125.48,1579.68,4295.72
11/16/2023,8579.1,14113.67,1574.3,4288.91
11/15/2023,8575.3,14103.84,1573.68,4285.63
11/14/2023,8562.47,14094.38,1583.31,4278.79
11/13/2023,8289.88,13767.74,1540.62,4195.49
11/10/2023,8323.83,13798.11,1538.95,4198.58
11/9/2023,8065.14,13521.45,1501.54,4134.31
11/8/2023,8121.16,13650.41,1514.58,4169.01
11/7/2023,8103.45,13639.86,1506.18,4165.59
11/6/2023,7946.66,13518.78,1474.54,4151.08
11/3/2023,7976.96,13478.28,1478,4145.42
11/2/2023,7838.19,13294.19,1462.43,4104.12
11/1/2023,7715.48,13061.47,1439.4,4026.89
10/31/2023,7610.08,12851.24,1427.99,3985.59
10/30/2023,7548.65,12789.48,1410.89,3959.25
10/27/2023,7579.22,12643.01,1392.72,3913.35
10/26/2023,7528.82,12595.61,1392.83,3931.72
10/25/2023,7599.63,12821.22,1406.64,3978.22
10/24/2023,7884.52,13139.87,1446,4039.86
10/23/2023,7784.73,13018.33,1432.93,4010.07
10/20/2023,7801,12983.81,1432.76,4017.51
10/19/2023,7946.53,13186.18,1471.46,4069.47
10/18/2023,8048.35,13314.3,1480.62,4105.81
10/17/2023,8167.07,13533.75,1503.23,4163.37
10/16/2023,8179.34,13567.98,1496.44,4163.28
10/13/2023,8074.41,13407.23,1478.23,4118.49
10/12/2023,8223.82,13574.22,1496.17,4140.87
10/11/2023,8259.81,13659.68,1503.16,4168.52
10/10/2023,8216.13,13562.84,1494.75,4150.81
10/9/2023,8126.18,13484.24,1488.56,4128.16
10/6/2023,8093.7,13431.34,1478.13,4101.68
10/5/2023,7873.29,13219.83,1437.34,4051.93
10/4/2023,7907.02,13236.01,1439.59,4057.78
10/3/2023,7800.08,13059.47,1415.76,4024.57
10/2/2023,7997.33,13307.77,1453.85,4082.41
9/29/2023,7939.24,13219.32,1445.07,4083.33
9/28/2023,7901.66,13201.28,1440,4093.32
9/27/2023,7812.89,13092.85,1428.27,4068.17
9/26/2023,7753.67,13063.61,1418.53,4065.23
9/25/2023,7877.51,13271.32,1442.09,4125.74
9/22/2023,7855.83,13211.81,1442.85,4109.04
9/21/2023,7794.94,13223.98,1440.5,4117.39
9/20/2023,7955.84,13469.13,1475.79,4188.04
9/19/2023,8077.8,13678.19,1489.92,4227.14
9/18/2023,8126.2,13710.24,1493.2,4236.7
9/15/2023,8087.28,13708.33,1492.59,4234.45
9/14/2023,8304,13926.05,1522.18,4286.24
9/13/2023,8243.21,13813.59,1514.33,4251.67
9/12/2023,8221.6,13773.61,1511.3,4248.09
9/11/2023,8339.63,13917.89,1556.95,4272.87
9/8/2023,8264.27,13761.53,1544.67,4243.23
9/7/2023,8280.9,13748.83,1542.74,4237.26
9/6/2023,8376.86,13872.47,1545.95,4250.7
9/5/2023,8402.31,14020.95,1542.96,4280.64
9/1/2023,8373.53,14031.81,1536.25,4298.18
8/31/2023,8323.5,14034.97,1528.78,4288.81
8/30/2023,8231.31,14019.31,1516.29,4293.44
8/29/2023,8163.89,13943.76,1502.23,4275.76
8/28/2023,7951,13705.13,1472.95,4212.68
8/25/2023,7896.52,13590.65,1466.08,4186.43
8/24/2023,7796.57,13463.97,1435.51,4158.15
8/23/2023,8020.14,13721.03,1469.82,4216.56
8/22/2023,7874.05,13505.87,1445.22,4169.77
8/21/2023,7915.82,13497.59,1446.78,4181
8/18/2023,7732.52,13290.78,1420.88,4152.35
8/17/2023,7705.63,13316.93,1414.35,4151.67
8/16/2023,7795.55,13474.63,1436.86,4185.56
8/15/2023,7905.43,13631.05,1450.01,4217.64
8/14/2023,8034.49,13788.33,1462.16,4267.34
8/11/2023,7886.57,13644.85,1442.64,4243.08
8/10/2023,8004.93,13737.99,1445.11,4248.84
8/9/2023,7974.86,13722.02,1434.86,4247.46
8/8/2023,8075.65,13884.32,1452.36,4278.48
8/7/2023,8226.76,13994.4,1478.44,4298.62
8/4/2023,8171.31,13909.24,1468.67,4261.5
8/3/2023,8263.06,13959.72,1485.53,4284.65
8/2/2023,8256.74,13973.45,1494.51,4294.62
8/1/2023,8597.36,14283.91,1545.32,4357.86
7/31/2023,8587.41,14346.02,1543.4,4370.1
7/28/2023,8522.97,14316.66,1521.91,4361.37
7/27/2023,8351.02,14050.11,1499.5,4316.67
7/26/2023,8271.05,14127.28,1511.25,4345.35
7/25/2023,8323.08,14144.56,1524.36,4345.12
7/24/2023,8200.72,14058.87,1512.08,4332.45
7/21/2023,8212.57,14032.81,1517.46,4316.52
7/20/2023,8155.17,14063.31,1513.6,4315
7/19/2023,8441.78,14358.02,1554.24,4347.85
7/18/2023,8474.95,14353.64,1551.02,4336.95
7/17/2023,8442.15,14244.95,1535.37,4306.31
7/14/2023,8286.71,14113.7,1516.3,4287.1
7/13/2023,8326.95,14138.57,1517.12,4292.8
7/12/2023,8142.29,13918.96,1489.78,4253.85
7/11/2023,8075.32,13760.7,1482.12,4223.17
7/10/2023,8054.85,13685.48,1466.45,4191.78
7/7/2023,7884.12,13660.72,1439.99,4180.11
7/6/2023,7882.23,13679.04,1442.66,4190.08
7/5/2023,7995.85,13791.65,1458.67,4225.88
7/3/2023,8073.74,13816.77,1458.71,4234.57
6/30/2023,8048.89,13787.92,1466.09,4228.59
6/29/2023,7937.73,13591.33,1449.91,4177.82
6/28/2023,7954.44,13591.75,1448.52,4160.34
6/27/2023,7970.22,13555.67,1441.59,4160.04
6/26/2023,7746.33,13335.78,1413.53,4111.57
6/23/2023,7763.61,13492.52,1426.88,4129.54
6/22/2023,7876.44,13630.61,1440.53,4161.96
6/21/2023,7818.08,13502.2,1433.42,4146.7
6/20/2023,8007.09,13667.29,1460.29,4169.99
6/16/2023,8081.74,13689.57,1474.1,4190.29
6/15/2023,8164.63,13782.82,1485.17,4206.24
6/14/2023,8101,13626.48,1454.55,4154.99
6/13/2023,8048.76,13573.32,1445.65,4151.84
6/12/2023,7955.17,13461.92,1435.25,4122.6
6/9/2023,7742.95,13259.14,1400.35,4083.07
6/8/2023,7722.8,13238.52,1387.76,4078.87
6/7/2023,7633.25,13104.89,1367.33,4053.44
6/6/2023,7791.79,13276.42,1412.92,4070.95
6/5/2023,7736.64,13229.43,1409.24,4060.8
6/2/2023,7758.52,13240.77,1398.04,4068.57
6/1/2023,7727.96,13100.98,1389.08,4008.89
5/31/2023,7643.05,12935.29,1388.17,3969.21
5/30/2023,7716.57,13017.43,1379.14,3992.4
5/26/2023,7700.76,12975.69,1368.51,3991.92
5/25/2023,7334.66,12698.09,1337.47,3938.3
5/24/2023,7082.28,12484.16,1303.07,3906.98
5/23/2023,7152.01,12560.25,1308.88,3934.67
5/22/2023,7267.82,12720.78,1332.36,3979.52
5/19/2023,7206.24,12657.9,1323.5,3976.57
5/18/2023,7225.46,12688.84,1323.72,3983.36
5/17/2023,7035.5,12500.57,1292.65,3944.82
5/16/2023,6901.34,12343.05,1266.87,3897.5
5/15/2023,6928.55,12365.21,1269.69,3924.93
5/12/2023,6777.36,12284.74,1256.68,3911.63
5/11/2023,6784.06,12328.51,1259.9,3918.98
5/10/2023,6805.91,12306.44,1267.78,3925.46
5/9/2023,6702.69,12179.55,1247.94,3906.73
5/8/2023,6762.17,12256.92,1244.77,3923.99
5/5/2023,6712.4,12235.41,1239.37,3920.51
5/4/2023,6607.96,11966.4,1215.2,3848.94
5/3/2023,6591.67,12025.33,1219.86,3876.49
5/2/2023,6641.61,12080.51,1231.58,3902.76
5/1/2023,6722.09,12212.6,1249.85,3949.4
4/28/2023,6714.22,12226.58,1251.63,3950.69
4/27/2023,6666.49,12142.24,1246.3,3919.27
4/26/2023,6554.42,11854.35,1225.68,3845.06
4/25/2023,6494.21,11799.16,1215.41,3859.71
4/24/2023,6734.73,12037.2,1256.28,3924.03
4/21/2023,6773.3,12072.46,1266.4,3921.65
4/20/2023,6800.49,12059.56,1263.98,3918.66
4/19/2023,6836.03,12157.23,1274.23,3942.55
4/18/2023,6889.75,12153.41,1277.24,3943.31
4/17/2023,6886.91,12157.72,1275.11,3939.46
4/14/2023,6887.87,12123.47,1269.72,3926.34
4/13/2023,6912.85,12166.27,1275.7,3934.7
4/12/2023,6806.47,11929.34,1251.8,3882.59
4/11/2023,6886.25,12031.88,1254.54,3899.37
4/10/2023,6913.74,12084.35,1261.48,3898.53
4/6/2023,6851.38,12087.96,1262.79,3894.04
4/5/2023,6843.21,11996.86,1257.08,3880.78
4/4/2023,6992.29,12126.33,1275.9,3893.46
4/3/2023,7064.56,12189.45,1276.59,3917.19
3/31/2023,7129.2,12221.91,1285.1,3904.8
3/30/2023,7006.71,12013.47,1253.94,3847.42
3/29/2023,6907.48,11926.24,1245.11,3825.12
3/28/2023,6737.38,11716.08,1222.89,3770.45
3/27/2023,6779.43,11768.84,1227.03,3776.7
3/24/2023,6831.23,11823.96,1224.76,3769.62
3/23/2023,6900.72,11787.4,1224.51,3749.97
3/22/2023,6738.61,11669.96,1205.95,3738.96
3/21/2023,6861.57,11860.11,1231.33,3803.22
3/20/2023,6783.62,11675.54,1208.38,3752.2
3/17/2023,6785.48,11630.51,1207.44,3719.75
3/16/2023,6831.42,11717.28,1212.62,3761.95
3/15/2023,6609.42,11434.05,1179.72,3696.67
3/14/2023,6632.84,11428.15,1182.12,3723.24
3/13/2023,6466.73,11188.84,1156.1,3661.35
3/10/2023,6432.29,11138.89,1147.94,3666.88
3/9/2023,6562.77,11338.35,1181.32,3724.71
3/8/2023,6713.4,11576,1209.19,3796.95
3/7/2023,6623.64,11530.33,1205.63,3791.96
3/6/2023,6707.66,11675.74,1218.76,3850.23
3/3/2023,6736.69,11689.01,1220.84,3849.52
3/2/2023,6646.84,11462.98,1198.94,3787.6
3/1/2023,6552.7,11379.48,1170.08,3759.23
2/28/2023,6594.16,11455.54,1178.63,3776.88
2/27/2023,6572.33,11466.98,1178.98,3787.74
2/24/2023,6529.77,11394.94,1177.59,3775.92
2/23/2023,6669.86,11590.4,1203.17,3817.14
2/22/2023,6533.84,11507.07,1192.01,3797.43
2/21/2023,6494.79,11492.3,1178.48,3801.4
2/17/2023,6682.69,11787.27,1203.74,3880.38
2/16/2023,6783.92,11855.83,1218.39,3893.82
2/15/2023,6981.96,12070.59,1249.64,3948.53
2/14/2023,6909.07,11960.15,1237.9,3932.57
2/13/2023,6784.28,11891.79,1223.01,3931.16
2/10/2023,6674.58,11718.12,1204.07,3886.71
2/9/2023,6763.83,11789.58,1221.18,3880.04
2/8/2023,6792.73,11910.52,1222.93,3915.84
2/7/2023,6912.81,12113.79,1232.06,3959.8
2/6/2023,6710.16,11887.45,1205.11,3909.39
2/3/2023,6823.53,12006.95,1222.96,3935.11
2/2/2023,6999.11,12200.82,1258.52,3978.45
2/1/2023,6759.07,11816.32,1226.15,3918.34
1/31/2023,6484.28,11584.55,1188.59,3875.93
1/30/2023,6363.26,11393.81,1166.83,3818.89
1/27/2023,6530.6,11621.71,1189.1,3871.11
1/26/2023,6525.36,11512.41,1183.69,3858.98
1/25/2023,6356.21,11313.36,1154.08,3815.29
1/24/2023,6372.96,11334.27,1155.93,3815.87
1/23/2023,6418.57,11364.41,1164.02,3819.87
1/20/2023,6206.22,11140.43,1136.78,3772.94
1/19/2023,6000.51,10852.27,1099.89,3701.15
1/18/2023,6091.3,10957.01,1107.93,3730.8
1/17/2023,6176.48,11095.11,1124.45,3789.1
1/13/2023,6150.9,11079.16,1118.23,3795.29
1/12/2023,6111.51,11001.1,1114.59,3779.02
1/11/2023,6066.5,10931.67,1105.45,3765.38
1/10/2023,5970,10742.63,1086.95,3716.14
1/9/2023,5930.8,10635.65,1086.7,3689.95
1/6/2023,5828.48,10569.29,1063.28,3691.21
1/5/2023,5647.49,10305.24,1046.97,3609.44
1/4/2023,5801,10458.76,1083.97,3653.1
1/3/2023,5713.33,10386.98,1076.23,3624.41
12/30/2022,5751.76,10466.48,1074.43,3640.19
12/29/2022,5765.56,10478.09,1077.15,3649.38
12/28/2022,5582.57,10213.29,1044.8,3585.35
12/27/2022,5662.57,10353.23,1056.74,3629.28
12/23/2022,5735.32,10497.86,1063.59,3644.92
12/22/2022,5737.92,10476.12,1064.52,3624.64
12/21/2022,5949.47,10709.37,1086.2,3678.36
12/20/2022,5862.82,10547.11,1074.43,3624.2
12/19/2022,5865.13,10546.03,1067.64,3619.87
12/16/2022,5970.97,10705.41,1084.75,3654.41
12/15/2022,6006.03,10810.53,1092.92,3695.81
12/14/2022,6249.53,11170.89,1133,3792.11
12/13/2022,6309.91,11256.81,1136.4,3815.12
12/12/2022,6189.58,11143.74,1116.98,3786.35
12/9/2022,6057.02,11004.62,1090.32,3732.29
12/8/2022,6084.19,11082,1095.66,3760.23
12/7/2022,5942.38,10958.55,1075.78,3730.87
12/6/2022,5964.69,11014.89,1081.12,3737.42
12/5/2022,6094.49,11239.94,1099.33,3793.59
12/2/2022,6233.76,11461.5,1143.48,3866.08
12/1/2022,6327.92,11482.45,1158.18,3871.41
11/30/2022,6252.48,11468,1144.93,3873.16
11/29/2022,5940.89,10983.78,1095.19,3754.84
11/28/2022,5978.94,11049.5,1104.83,3761.5
11/25/2022,6092.73,11226.36,1121.92,3820.79
11/23/2022,6150.59,11285.32,1122.76,3822.16
11/22/2022,6072.85,11174.41,1106.4,3798.56
11/21/2022,5965.15,11024.51,1087.82,3747.93
11/18/2022,6059.44,11146.06,1100.83,3764.73
11/17/2022,6078.71,11144.96,1105.33,3747.33
11/16/2022,6121.2,11183.66,1130.22,3761.44
11/15/2022,6344.14,11358.41,1156.45,3796.23
11/14/2022,6165.01,11196.22,1128.21,3760.66
11/11/2022,6262.31,11323.33,1143.47,3796.41
11/10/2022,6045.31,11114.15,1114.52,3758.24
11/9/2022,5470.85,10353.17,1017.2,3555.65
11/8/2022,5629.29,10616.2,1040.4,3633.8
11/7/2022,5534.65,10564.52,1023.62,3613.25
11/4/2022,5425,10475.25,1009.89,3579.62
11/3/2022,5392.93,10342.94,1028.6,3534.59
11/2/2022,5548.82,10524.8,1056.79,3572.1
11/1/2022,5796.6,10890.85,1110.32,3666.65
10/31/2022,5821.62,10988.15,1127.6,3680.53
10/28/2022,5903.86,11102.45,1133.13,3708.01
10/27/2022,5734.8,10792.67,1111.33,3620.72
10/26/2022,5810.77,10970.99,1105.07,3642.04
10/25/2022,5924.92,11199.12,1125.31,3668.93
10/24/2022,5762.62,10952.61,1097.32,3607
10/21/2022,5734.36,10859.72,1088.11,3567.19
10/20/2022,5598.38,10614.84,1065.97,3486.05
10/19/2022,5571.38,10680.51,1058.66,3512.6
10/18/2022,5610.14,10772.4,1072.53,3538.37
10/17/2022,5545.6,10675.8,1053.9,3497.58
10/14/2022,5350.93,10321.39,1012.6,3404.51
10/13/2022,5558.24,10649.15,1040.93,3489.24
10/12/2022,5456.5,10417.1,1026.63,3404.26
10/11/2022,5484.99,10426.19,1026.11,3414.6
10/10/2022,5636.48,10542.1,1046.85,3438.74
10/7/2022,5811.34,10652.4,1078.72,3466.52
10/6/2022,6120.18,11073.31,1125.51,3568.81
10/5/2022,6162.96,11148.64,1130.28,3604.39
10/4/2022,6130.42,11176.41,1125.4,3611.83
10/3/2022,5909.86,10815.43,1083.95,3501.94
9/30/2022,5723.83,10575.62,1053.04,3413.25
9/29/2022,5813.07,10737.51,1067.75,3464.22
9/28/2022,5946.43,11051.64,1085.41,3540.04
9/27/2022,5825,10829.5,1061.87,3470.32
9/26/2022,5776.55,10802.92,1053.5,3476.12
9/23/2022,5838.36,10867.93,1060.27,3513.23
9/22/2022,5917.4,11066.81,1075.76,3575.54
9/21/2022,6052.12,11220.19,1094.37,3609.85
9/20/2022,6142.52,11425.05,1109.45,3672.84
9/19/2022,6223.62,11535.02,1125.81,3715.72
9/16/2022,6181.01,11448.4,1120.98,3690.53
9/15/2022,6256.08,11552.36,1142.48,3720.73
9/14/2022,6395.8,11719.68,1182.81,3763.18
9/13/2022,6361.66,11633.57,1181.83,3749.68
9/12/2022,6758.84,12266.41,1241.02,3919.19
9/9/2022,6685.85,12112.31,1225.06,3877.54
9/8/2022,6462.82,11862.13,1190.57,3816.48
9/7/2022,6368.43,11791.9,1174.53,3789.1
9/6/2022,6238.69,11544.91,1149.14,3719.89
9/2/2022,6304,11630.86,1158.14,3735.53
9/1/2022,6366.79,11785.13,1165.68,3774.72
8/31/2022,6534.08,11816.2,1183.82,3767.45
8/30/2022,6579.53,11883.14,1192.91,3796.77
8/29/2022,6631.78,12017.67,1194.71,3838.93
8/26/2022,6739.06,12141.71,1212.31,3865.71
8/25/2022,7060.97,12639.27,1261.21,4001.13
8/24/2022,6896.54,12431.53,1250.2,3943.59
8/23/2022,6865.54,12381.3,1241.63,3930.62
8/22/2022,6858.11,12381.57,1242.25,3938.93
8/19/2022,7079.63,12705.22,1278.35,4025.37
8/18/2022,7289.57,12965.34,1308.52,4081.04
8/17/2022,7242.75,12938.12,1309.68,4072.71
8/16/2022,7413.67,13102.55,1332.57,4105.51
8/15/2022,7489.94,13128.05,1342.23,4099.06
8/12/2022,7442.35,13047.19,1335.35,4083.21
8/11/2022,7259.5,12779.91,1308.18,4012.97
8/10/2022,7328.4,12854.8,1325.38,4017.81
8/9/2022,7049.68,12493.93,1274.4,3928.65
8/8/2022,7261.84,12644.46,1292.99,3948.74
8/5/2022,7286.71,12657.55,1293.53,3952.28
8/4/2022,7277.56,12720.58,1289.53,3957.43
8/3/2022,7264.66,12668.16,1287.88,3958.77
8/2/2022,7070.6,12348.76,1247.35,3895.16
8/1/2022,7061.76,12368.98,1244.13,3917.69
7/29/2022,7032.79,12390.69,1243.61,3927.71
7/28/2022,6953.46,12162.59,1229.71,3872.73
7/27/2022,6857.91,12032.42,1206.19,3826.01
7/26/2022,6549.77,11562.57,1153.73,3726.7
7/25/2022,6746.17,11782.67,1192.32,3773.52
7/22/2022,6818.36,11834.11,1208.47,3769.75
7/21/2022,6988.77,12059.61,1230.91,3809.17
7/20/2022,6877.57,11897.65,1208.93,3770.81
7/19/2022,6668,11713.15,1168.75,3744.08
7/18/2022,6425.85,11360.05,1134.51,3643.18
7/15/2022,6472.72,11452.42,1142.53,3672.5
7/14/2022,6316.86,11251.19,1113.59,3602.24
7/13/2022,6324.95,11247.58,1123.9,3615.19
7/12/2022,6329.99,11264.73,1134.82,3631.06
7/11/2022,6450.57,11372.6,1180.76,3665.5
7/8/2022,6628.8,11635.31,1202.2,3711.09
7/7/2022,6627.6,11621.35,1206.02,3714.86
7/6/2022,6428.39,11361.85,1181.39,3657.25
7/5/2022,6407.35,11322.24,1180.81,3646.65
7/1/2022,6252.36,11127.85,1148.55,3635.96
6/30/2022,6248.3,11028.74,1130.23,3596.34
6/29/2022,6358.35,11177.89,1148.85,3630.52
6/28/2022,6398.59,11181.54,1145.58,3634.56
6/27/2022,6627.8,11524.55,1191.09,3711.4
6/24/2022,6705.29,11607.62,1214.29,3723.58
6/23/2022,6408.38,11232.19,1162.4,3611.72
6/22/2022,6272.64,11053.08,1119.53,3573.62
6/21/2022,6298.53,11069.3,1117.25,3577.69
6/17/2022,6144.5,10798.35,1096.62,3492.36
6/16/2022,6054.97,10646.1,1074.08,3480.83
6/15/2022,6407.79,11099.15,1126.24,3601.69
6/14/2022,6243.29,10828.35,1097.49,3547.23
6/13/2022,6209.25,10809.23,1090.01,3560.51
6/10/2022,6606.77,11340.02,1158.07,3708.75
6/9/2022,6913.93,11754.23,1213.99,3822.1
6/8/2022,7122.28,12086.27,1245.08,3917.62
6/7/2022,7205.87,12175.23,1253,3959.33
6/6/2022,7089.9,12061.37,1232.87,3920.36
6/3/2022,7075.81,12012.73,1232.89,3907.86
6/2/2022,7280.76,12316.9,1262.97,3974.81
6/1/2022,6976.81,11994.46,1205.38,3897.17
5/31/2022,7042.38,12081.39,1198.98,3926.84
5/27/2022,7137.76,12131.13,1223.28,3954.08
5/26/2022,6856.29,11740.65,1180.26,3856.32
5/25/2022,6619.61,11434.74,1153.8,3779.2
5/24/2022,6455.23,11264.45,1119.58,3740.61
5/23/2022,6664,11535.27,1155.96,3778.05
5/20/2022,6614.28,11354.62,1144,3711.35
5/19/2022,6570.18,11388.5,1128.27,3710.71
5/18/2022,6480.95,11418.15,1106.54,3727.83
5/17/2022,6829.82,11984.52,1156.25,3886.14
5/16/2022,6628.37,11662.79,1137.11,3808.9
5/13/2022,6802.13,11805,1167.5,3828.77
5/12/2022,6437.17,11370.96,1110.46,3732.76
5/11/2022,6379.42,11364.24,1099.28,3733.75
5/10/2022,6618.76,11737.67,1142.72,3800.7
5/9/2022,6484.09,11623.25,1125.78,3791.01
5/6/2022,6879.38,12144.66,1193.28,3923.87
5/5/2022,7064.25,12317.69,1231.16,3951.28
5/4/2022,7501.61,12964.86,1308.86,4102.93
5/3/2022,7259.84,12563.76,1269.39,3984.36
5/2/2022,7282.94,12536.02,1280.65,3967.41
4/29/2022,7102.07,12334.64,1258.95,3942.29
4/28/2022,7454.66,12871.53,1311.86,4092.15
4/27/2022,7102.03,12488.93,1259.35,3992.56
4/26/2022,7124.14,12490.74,1255.86,3986.15
4/25/2022,7420.7,13004.85,1305.95,4103.89
4/22/2022,7245.12,12839.29,1278.32,4077.76
4/21/2022,7435.33,13174.65,1317.24,4193.44
4/20/2022,7702.8,13453.07,1362.11,4261.1
4/19/2022,7819.04,13619.66,1381.44,4268.09
4/18/2022,7615.64,13332.36,1343.62,4196.97
4/14/2022,7624.25,13351.08,1358.12,4201.5
4/13/2022,7856.57,13643.59,1393.35,4255.94
4/12/2022,7641.8,13371.57,1362.07,4205.04
4/11/2022,7694.51,13411.96,1371.69,4219.55
4/8/2022,7836.41,13711,1386.23,4290.55
4/7/2022,7995.45,13897.3,1409.65,4304.62
4/6/2022,7972.08,13888.82,1403.04,4287.77
4/5/2022,8192.38,14204.17,1448.63,4333.91
4/4/2022,8495.52,14532.55,1487.86,4393.91
4/1/2022,8302.16,14261.5,1450.95,4355.21
3/31/2022,8320.06,14220.52,1446.23,4338.85
3/30/2022,8436.85,14442.27,1460.38,4407.95
3/29/2022,8625.33,14619.64,1489.85,4439.67
3/28/2022,8432.89,14354.9,1453.46,4380.95
3/25/2022,8296.72,14169.3,1419.14,4347.13
3/24/2022,8366.91,14191.84,1439.97,4330.06
3/23/2022,8112.29,13922.6,1414.16,4268.16
3/22/2022,8307.61,14108.82,1450.27,4321.19
3/21/2022,8137.68,13838.46,1414.46,4269.29
3/18/2022,8198.84,13893.84,1427.49,4274.05
3/17/2022,7964.4,13614.78,1386.14,4219.94
3/16/2022,7852.5,13436.55,1352.69,4165
3/15/2022,7431.49,12948.62,1297.06,4067.7
3/14/2022,7193.06,12581.22,1263.44,3981.71
3/11/2022,7440.16,12843.81,1300.7,4017.19
3/10/2022,7688.81,13129.96,1343.01,4074.4
3/9/2022,7839.27,13255.55,1363.89,4093.91
3/8/2022,7489.4,12795.55,1298.4,3987.52
3/7/2022,7492.44,12830.96,1313.79,4015.14
3/4/2022,7883.91,13313.44,1374.39,4141.64
3/3/2022,8080.89,13537.94,1404.91,4178.77
3/2/2022,8295.85,13752.02,1443.51,4208.58
3/1/2022,8123.38,13532.46,1419.32,4132.81
2/28/2022,8277.56,13751.4,1431.3,4196.99
2/25/2022,8242.19,13694.62,1416.91,4203.81
2/24/2022,8158.97,13473.58,1406.46,4111.81
2/23/2022,7753.33,13037.49,1319.86,4043.58
2/22/2022,7951.88,13381.52,1356.32,4121.75
2/18/2022,7985.25,13548.07,1366.75,4165.83
2/17/2022,8131.54,13716.72,1398.23,4199.72
2/16/2022,8488.13,14124.09,1467.04,4295.05
2/15/2022,8541.59,14139.76,1478.68,4294.01
2/14/2022,8235.96,13790.92,1446.14,4223.7
2/11/2022,8221.38,13791.15,1450.32,4239.11
2/10/2022,8586.1,14185.64,1503.77,4323.86
2/9/2022,8776.54,14490.37,1530.38,4402.41
2/8/2022,8487.92,14194.45,1481.85,4335.28
2/7/2022,8344.12,14015.67,1462.55,4298.99
2/4/2022,8389.05,14098.01,1470.18,4313.97
2/3/2022,8259.61,13878.82,1429.77,4284.83
2/2/2022,8670.14,14417.55,1487.7,4396.3
2/1/2022,8594.73,14346,1504.87,4361.63
1/31/2022,8542.9,14239.88,1498.32,4329.86
1/28/2022,8134.19,13770.57,1438.18,4241.06
1/27/2022,7868.57,13352.78,1381.98,4136.68
1/26/2022,8053.92,13542.12,1382.14,4160.65
1/25/2022,8029.52,13539.29,1394.53,4170.32
1/24/2022,8370.66,13855.13,1452.58,4227.07
1/21/2022,8235.05,13768.92,1418.55,4212.91
1/20/2022,8447.7,14154.02,1460.11,4297.35
1/19/2022,8575.2,14340.26,1470.97,4344.66
1/18/2022,8678.99,14506.9,1471.96,4386.93
1/14/2022,8983.2,14893.75,1508.54,4471.6
1/13/2022,8858.22,14806.81,1503.61,4468.92
1/12/2022,9167.65,15188.39,1570.33,4539.72
1/11/2022,9146.78,15153.45,1576.3,4528.64
1/10/2022,8991.2,14942.83,1550.9,4483.92
1/7/2022,8939.64,14935.9,1534.5,4489.18
1/6/2022,9117.75,15080.86,1548.59,4509.94
1/5/2022,9044.62,15100.17,1545.8,4514.05
1/4/2022,9408.16,15622.72,1626.95,4610.96
1/3/2022,9565.42,15832.8,1666.24,4620.41
12/31/2021,9575.39,15644.97,1684.34,4593.59
12/30/2021,9637.17,15741.56,1700.46,4607.52
12/29/2021,9656.89,15766.22,1697.15,4618.61
12/28/2021,9657.73,15781.72,1700.3,4613.39
12/27/2021,9764.9,15871.26,1719.11,4621.16
12/23/2021,9584.75,15653.37,1696.25,4560.58
12/22/2021,9508.17,15521.89,1688.03,4531.62
12/21/2021,9431.28,15341.09,1676.8,4487.46
12/20/2021,9113.24,14980.94,1630.23,4405.2
12/17/2021,9219.35,15169.68,1659.29,4457.18
12/16/2021,9194.33,15180.43,1652.26,4495.93
12/15/2021,9521.55,15565.58,1709.7,4541.69
12/14/2021,9240.21,15237.64,1664.03,4467.68
12/13/2021,9373.76,15413.28,1720.6,4503.38
12/10/2021,9518.14,15630.6,1725.36,4545.34
12/9/2021,9448.1,15517.37,1699.27,4507.23
12/8/2021,9646.89,15786.99,1739.83,4546.59
12/7/2021,9612.73,15686.92,1724.1,4527.76
12/6/2021,9246.26,15225.15,1659.04,4432.08
12/3/2021,9175.67,15085.47,1657.1,4382.65
12/2/2021,9371.55,15381.32,1722.87,4426.7
12/1/2021,9275.78,15254.05,1690.09,4363.36
11/30/2021,9446.78,15537.69,1766.39,4424.07
11/29/2021,9670.75,15782.83,1818.65,4511.14
11/26/2021,9402.53,15491.66,1778.33,4454.55
11/24/2021,9595.7,15845.23,1799.6,4554.03
11/23/2021,9539.67,15775.14,1788.36,4540.96
11/22/2021,9627.24,15854.76,1818.74,4537.01
11/19/2021,9846.56,16057.44,1873.9,4559.58
11/18/2021,9840.05,15993.71,1863.77,4567.74
11/17/2021,9801.55,15921.57,1879.62,4554.83
11/16/2021,9855.42,15973.86,1894.97,4568.66
11/15/2021,9712.2,15853.85,1869.09,4549.22
11/12/2021,9786.5,15860.96,1880.68,4549.32
11/11/2021,9651.02,15704.28,1849.85,4514.21
11/10/2021,9545.32,15622.71,1843.01,4510.91
11/9/2021,9803.21,15886.54,1897.33,4553.24
11/8/2021,9772.17,15982.36,1890.72,4567.18
11/5/2021,9679.81,15971.59,1864.43,4560.39
11/4/2021,9672.77,15940.31,1879.91,4546.8
11/3/2021,9454.48,15811.58,1862.18,4528.25
11/2/2021,9383.3,15649.6,1858.35,4499.43
11/1/2021,9316.98,15595.92,1852.71,4483.87
10/29/2021,9276.33,15498.39,1860.89,4475.12
10/28/2021,9202.14,15448.12,1842.85,4467.08
10/27/2021,9104.31,15235.84,1820.87,4423.04
10/26/2021,9192.87,15235.71,1835.3,4449.58
10/25/2021,9220.59,15226.71,1840.86,4442.59
10/22/2021,9177.47,15090.2,1831.56,4421.57
10/21/2021,9229.08,15215.7,1829.06,4430.4
10/20/2021,9109.33,15121.68,1810.44,4414.93
10/19/2021,9118.54,15129.09,1813.66,4399.18
10/18/2021,9020.87,15021.81,1798.78,4366.71
10/15/2021,8910.62,14897.34,1775.74,4349.97
10/14/2021,8876.33,14823.43,1771.03,4318.91
10/13/2021,8681.94,14571.64,1742.51,4247.09
10/12/2021,8555.16,14465.92,1704.69,4229.25
10/11/2021,8574.08,14486.2,1683.98,4235.81
10/8/2021,8626.6,14579.54,1687.15,4265.03
10/7/2021,8691.96,14654.02,1700.12,4275.13
10/6/2021,8591.08,14501.91,1680.3,4237.53
10/5/2021,8535.95,14433.83,1666.42,4218.64
10/4/2021,8413.37,14255.48,1640.18,4173.83
10/1/2021,8652.14,14566.7,1690.58,4233.19
9/30/2021,8606.64,14448.58,1665.74,4186.85
9/29/2021,8600.46,14512.44,1669.26,4232.45
9/28/2021,8697.6,14546.68,1673.9,4228.38
9/27/2021,9032.04,14969.97,1738.5,4320.56
9/24/2021,9115.73,15047.7,1769.73,4335.96
9/23/2021,9107.76,15052.24,1768.07,4331.37
9/22/2021,9011.24,14896.85,1738.34,4280.95
9/21/2021,8898.14,14746.4,1721.69,4240.31
9/20/2021,8885.12,14713.9,1717.39,4240.98
9/17/2021,9090.14,15043.97,1746.22,4316.42
9/16/2021,9213.78,15181.92,1761.32,4353.84
9/15/2021,9177.52,15161.53,1747.94,4357.88
9/14/2021,9101.39,15037.76,1728.3,4321.73
9/13/2021,9106.37,15105.58,1727.11,4346.42
9/10/2021,9119.42,15115.49,1746.11,4339.19
9/9/2021,9124.3,15248.25,1759.46,4372.99
9/8/2021,9111.59,15286.64,1762.24,4391.71
9/7/2021,9181.52,15374.33,1772.35,4399.66
9/3/2021,9209.93,15363.52,1792.07,4415.24
9/2/2021,9157.98,15331.18,1774.86,4414.64
9/1/2021,9131.82,15309.38,1774.11,4402.09
8/31/2021,9139.07,15259.24,1766.74,4399.11
8/30/2021,9228.96,15265.89,1782.41,4407.37
8/27/2021,9181.58,15129.5,1773.43,4387.76
8/26/2021,9026.65,14945.81,1745.89,4349.21
8/25/2021,9063.6,15041.86,1751.75,4374.71
8/24/2021,9025.84,15019.8,1747.52,4364.41
8/23/2021,8970.53,14942.65,1732.33,4355.39
8/20/2021,8789.64,14714.66,1705.97,4317.09
8/19/2021,8716.82,14541.79,1684.82,4281.33
8/18/2021,8642.46,14525.91,1673.19,4277.64
8/17/2021,8720.57,14656.18,1681.14,4323.32
8/16/2021,8829.44,14793.76,1692.85,4353.46
8/13/2021,8877.38,14822.9,1706.32,4345.6
8/12/2021,8849.59,14816.26,1701.47,4339.15
8/11/2021,8870.9,14765.14,1681.99,4325.92
8/10/2021,8861.85,14788.09,1689.16,4317.34
8/9/2021,8965.95,14860.18,1710.6,4316.02
8/6/2021,8990.16,14835.76,1711.12,4318.44
8/5/2021,9040.84,14895.12,1718.65,4315.67
8/4/2021,9021.82,14780.53,1702.54,4288.99
8/3/2021,8942.27,14761.29,1684.78,4305.38
8/2/2021,8898.58,14681.07,1677.47,4272.48
7/30/2021,8886.17,14672.68,1677.2,4278.63
7/29/2021,8816.69,14778.26,1684.24,4303.58
7/28/2021,8710.08,14762.58,1681.21,4286.61
7/27/2021,8593.51,14660.58,1668.99,4284.34
7/26/2021,8726.62,14840.71,1688.06,4306.08
7/23/2021,8749.52,14836.99,1689.42,4298.44
7/22/2021,8663.96,14684.6,1677.29,4253.05
7/21/2021,8638.09,14631.95,1653.55,4243
7/20/2021,8480.42,14498.88,1640.25,4208.73
7/19/2021,8348.04,14274.98,1609.76,4143.6
7/16/2021,8395.54,14427.24,1616.62,4206
7/15/2021,8497,14543.13,1613.81,4234.78
7/14/2021,8590.57,14644.95,1631.64,4248.31
7/13/2021,8622.18,14677.65,1642.89,4247.06
7/12/2021,8637.37,14733.24,1644.61,4263.82
7/9/2021,8628.16,14701.92,1658.83,4251.66
7/8/2021,8525.18,14559.78,1649.24,4203.94
7/7/2021,8612.67,14665.06,1662.15,4240.87
7/6/2021,8675.65,14663.64,1657.61,4229.11
7/2/2021,8675.76,14639.33,1638.37,4234.03
7/1/2021,8607.37,14522.38,1618.78,4203.08
6/30/2021,8681.21,14503.95,1616.44,4183.8
6/29/2021,8721.4,14528.33,1638.47,4181.75
6/28/2021,8657.39,14500.51,1630.82,4179.75
6/25/2021,8508.85,14360.39,1611.09,4167.55
6/24/2021,8510.61,14369.71,1610.15,4154.02
6/23/2021,8398.18,14271.73,1597.03,4129.22
6/22/2021,8393.89,14253.27,1597.6,4132.1
6/21/2021,8307.34,14141.48,1578.16,4107.9
6/18/2021,8268.33,14030.38,1570.99,4053.83
6/17/2021,8341.21,14161.35,1567.13,4104.3
6/16/2021,8221.57,14039.68,1537.53,4100.23
6/15/2021,8261.02,14072.86,1543.1,4121.1
6/14/2021,8334.38,14174.14,1563.27,4132.56
6/11/2021,8240.84,14069.42,1544.8,4123.26
6/10/2021,8190.75,14020.33,1528.61,4113.1
6/9/2021,8069.16,13911.75,1501.23,4091.19
6/8/2021,8092.63,13924.91,1502.69,4099.11
6/7/2021,8101.67,13881.72,1496.46,4097.89
6/4/2021,8110.87,13814.49,1484.54,4097.6
6/3/2021,7908.54,13614.51,1452.79,4059.66
6/2/2021,8046.71,13756.33,1468.97,4077.56
6/1/2021,8025.76,13736.48,1465.89,4072.08
5/28/2021,8064.85,13748.74,1474.6,4074.95
5/27/2021,8019.88,13736.28,1464.4,4070.64
5/26/2021,8053.78,13738,1474.71,4066.42
5/25/2021,8033.21,13657.17,1462.11,4057.16
5/24/2021,8000.27,13661.17,1458.75,4065.43
5/21/2021,7850.01,13470.99,1435.76,4024.55
5/20/2021,7890.68,13535.74,1439.61,4028.38
5/19/2021,7690,13299.74,1407.23,3981.76
5/18/2021,7596.87,13303.64,1402.51,3992.5
5/17/2021,7644.71,13379.05,1400.77,4023.83
5/14/2021,7644.71,13379.05,1412.45,4035.52
5/13/2021,7503,13124.99,1373.48,3973.34
5/12/2021,7468.71,13031.68,1374.73,3928.67
5/11/2021,7718.93,13389.43,1409.31,4017.48
5/10/2021,7665.5,13401.86,1394.43,4048.11
5/7/2021,7939.98,13752.24,1427.73,4094.35
5/6/2021,7853.19,13632.84,1414.66,4063.11
5/5/2021,7859.23,13582.42,1423.78,4036.35
5/4/2021,7863.02,13633.5,1436.35,4036.95
5/3/2021,8022.73,13895.12,1470.34,4068.88
4/30/2021,8121.36,13962.68,1489.7,4061.26
4/29/2021,8286.6,14082.55,1505.31,4091.48
4/28/2021,8264.76,14051.03,1530.79,4068.14
4/27/2021,8321.07,14090.22,1535.9,4072.53
4/26/2021,8374.23,14138.78,1542.46,4074.16
4/23/2021,8259.33,14016.81,1523.28,4064.42
4/22/2021,8109.85,13818.41,1501.8,4018.79
4/21/2021,8213.29,13950.22,1503.27,4053.16
4/20/2021,8075.93,13786.27,1495.5,4015.9
4/19/2021,8164.64,13914.77,1509.11,4043.69
4/16/2021,8323.42,14052.34,1533.51,4067.34
4/15/2021,8377.7,14038.76,1540.75,4055.56
4/14/2021,8224.83,13857.84,1512.17,4008.54
4/13/2021,8328.01,13996.1,1529.58,4027.05
4/12/2021,8251.49,13850,1502.88,4009.3
4/9/2021,8304.74,13900.19,1498.56,4009.61
4/8/2021,8298.55,13829.31,1488.61,3980.1
4/7/2021,8173.75,13688.84,1459.66,3959.55
4/6/2021,8193.04,13698.38,1465.47,3955.16
4/5/2021,8245.2,13705.59,1459.35,3955.1
4/1/2021,8103.53,13480.11,1443.32,3902.41
3/31/2021,7866.84,13246.87,1408.63,3854.97
3/30/2021,7685.36,13045.39,1377.44,3835.96
3/29/2021,7724.81,13059.65,1382.53,3846.99
3/26/2021,7810.72,13138.72,1397.61,3853.61
3/25/2021,7547.22,12977.68,1369.19,3791.89
3/24/2021,7594.74,12961.89,1373.87,3773.73
3/23/2021,7734.92,13227.7,1411.72,3800.77
3/22/2021,7838.44,13377.54,1410.37,3830.92
3/19/2021,7681.99,13215.24,1388.57,3802.32
3/18/2021,7604.51,13116.17,1374.1,3801.62
3/17/2021,7906.74,13525.2,1425.68,3865.51
3/16/2021,7852.58,13471.57,1430.32,3855
3/15/2021,7803.38,13459.71,1437.57,3862.56
3/12/2021,7661,13319.86,1423.78,3834.85
3/11/2021,7780.59,13398.67,1443.14,3832.8
3/10/2021,7493.44,13068.83,1400.56,3786.18
3/9/2021,7592.37,13073.82,1408.38,3765.18
3/8/2021,7197.59,12609.16,1347.71,3703.76
3/5/2021,7541.21,12920.15,1387.42,3730.84
3/4/2021,7395.34,12723.47,1375.45,3662.95
3/3/2021,7660.28,12997.75,1415.1,3718.11
3/2/2021,7949.29,13358.79,1475.39,3776.61
3/1/2021,8155.87,13588.83,1506.22,3810.85
2/26/2021,7888.03,13192.35,1459.27,3719.93
2/25/2021,7795.56,13119.43,1459.87,3733.34
2/24/2021,8207.68,13597.97,1519.64,3831.02
2/23/2021,8059.79,13465.2,1503.26,3792.71
2/22/2021,8119.67,13533.05,1523.34,3790.48
2/19/2021,8408.88,13874.46,1571.41,3829.47
2/18/2021,8274.12,13865.36,1568.67,3833.23
2/17/2021,8349.34,13965.49,1573.24,3850.14
2/16/2021,8480.86,14047.5,1591.8,3854.92
2/12/2021,8470.05,14095.47,1594.94,3859.61
2/11/2021,8384.1,14025.77,1583.13,3840.93
2/10/2021,8201.92,13972.53,1570.66,3832.19
2/9/2021,8155.95,14007.7,1575.11,3832.33
2/8/2021,8121.09,13987.64,1561.14,3834.82
2/5/2021,7988.46,13856.3,1555.96,3806.81
2/4/2021,7970.37,13777.74,1537.6,3789.21
2/3/2021,7854.96,13610.54,1509.88,3747.06
2/2/2021,7994.23,13612.78,1515.51,3745.18
2/1/2021,7832.36,13403.39,1476.57,3690.47
1/29/2021,7576.53,13070.69,1442.15,3630.3
1/28/2021,7702.57,13337.16,1466.08,3700.03
1/27/2021,7548.91,13270.6,1437.99,3660.13
1/26/2021,7876.32,13626.06,1469.63,3759.35
1/25/2021,7953.04,13635.99,1480.41,3770.05
1/22/2021,7945,13543.06,1484.68,3757.58
1/21/2021,8007.08,13530.91,1481.21,3767.92
1/20/2021,7974.98,13457.25,1488.45,3767.19
1/19/2021,7918.95,13197.18,1461.74,3715.03
1/15/2021,7729.12,12998.5,1442.58,3684.8
1/14/2021,7831.38,13112.64,1450.43,3711.52
1/13/2021,7774.02,13128.95,1456.05,3725.76
1/12/2021,7776.04,13072.43,1458.98,3718.4
1/11/2021,7723.38,13036.43,1455.41,3714.15
1/8/2021,7751.66,13201.98,1469.24,3737.78
1/7/2021,7670.76,13067.48,1447.01,3716.8
1/6/2021,7427.18,12740.79,1407.95,3658.3
1/5/2021,7544.92,12818.96,1442.55,3640.58
1/4/2021,7463.18,12698.45,1437.18,3614.13
12/31/2020,7541.05,12888.28,1464.72,3667.92
12/30/2020,7529.84,12870,1464.12,3647.69
12/29/2020,7458.65,12850.22,1463.11,3641.86
12/28/2020,7495.5,12899.42,1474.12,3651.1
12/24/2020,7523.3,12804.73,1496.57,3626.73
12/23/2020,7488.14,12771.11,1495.36,3615.2
12/22/2020,7563.77,12807.92,1516.6,3615.87
12/21/2020,7515.09,12742.52,1486.28,3618.29
12/18/2020,7526.36,12755.64,1484.41,3630.91
12/17/2020,7517.86,12764.75,1465.62,3639.05
12/16/2020,7468.64,12658.19,1441.26,3613.13
12/15/2020,7427.22,12595.06,1418.51,3606.66
12/14/2020,7327.03,12440.04,1415.17,3561.26
12/11/2020,7258.28,12377.87,1407.47,3572.21
12/10/2020,7275.83,12405.81,1400.48,3576.91
12/9/2020,7271.35,12338.95,1386.57,3574.99
12/8/2020,7443.59,12582.77,1421.57,3611.1
12/7/2020,7411.35,12519.95,1412.02,3598.66
12/4/2020,7394.85,12464.23,1406.06,3600.91
12/3/2020,7251.87,12377.18,1392.72,3569.02
12/2/2020,7274.13,12349.37,1383.85,3567.44
12/1/2020,7254.33,12355.11,1395.34,3563.62
11/30/2020,7170.51,12198.74,1404.93,3527.53
11/27/2020,7122.22,12205.85,1401.33,3542.36
11/25/2020,7034.05,12094.4,1378.33,3530.75
11/24/2020,7028.88,12037.33,1364.83,3531.8
11/23/2020,6961.81,11881.17,1359.1,3477.81
11/20/2020,6927.58,11854.97,1359.84,3456.09
11/19/2020,6977.14,11904.71,1364.77,3477.5
11/18/2020,6881.3,11801.6,1340.13,3460.4
11/17/2020,6958.38,11899.34,1350.97,3495.86
11/16/2020,6995.15,11924.13,1335.45,3507.61
11/13/2020,6915.64,11829.29,1335.77,3468.51
11/12/2020,6830.06,11709.59,1331.33,3424.7
11/11/2020,6894.63,11786.43,1335.62,3456.91
11/10/2020,6714.78,11553.86,1297.77,3427.05
11/9/2020,6901.96,11713.78,1342.33,3435.29
11/6/2020,6996.94,11895.23,1388.68,3407.54
11/5/2020,6945.64,11890.93,1378.85,3406.63
11/4/2020,6740.2,11590.78,1344.67,3339.37
11/3/2020,6473.67,11160.57,1280.63,3263.76
11/2/2020,6346.76,10957.61,1253.75,3205.02
10/30/2020,6320.77,10911.59,1260.73,3166.93
10/29/2020,6437.22,11185.59,1293.45,3211.53
10/28/2020,6307.99,11004.87,1285.04,3174.68
10/27/2020,6531.36,11431.35,1333.41,3288.82
10/26/2020,6524.52,11358.94,1323.41,3297.41
10/23/2020,6659.53,11548.28,1357.35,3358.93
10/22/2020,6652.92,11506.01,1348.33,3347.35
10/21/2020,6680.45,11484.69,1355.09,3330.6
10/20/2020,6697.7,11516.49,1367.4,3339.04
10/19/2020,6687.58,11478.88,1373.58,3325.55
10/16/2020,6772.08,11671.56,1387.48,3379.31
10/15/2020,6785.69,11713.87,1382.3,3380.13
10/14/2020,6817.79,11768.73,1385.14,3385.27
10/13/2020,6843.46,11863.9,1396.78,3407.1
10/12/2020,6850.19,11876.26,1385.54,3425.17
10/9/2020,6709.67,11579.94,1367.18,3370.62
10/8/2020,6604,11420.98,1340.04,3340.57
10/7/2020,6545.5,11364.6,1338.7,3314.91
10/6/2020,6419.6,11154.6,1308.01,3258.03
10/5/2020,6491.05,11332.49,1315.91,3302.95
10/2/2020,6341.8,11075.02,1294.23,3243.91
10/1/2020,6513.26,11326.51,1319.21,3276.8
9/30/2020,6401.73,11167.51,1296.8,3254.94
9/29/2020,6394.8,11085.25,1291.49,3228.71
9/28/2020,6395.29,11117.52,1294.91,3243.59
9/25/2020,6267.17,10913.56,1280.18,3191.72
9/24/2020,6146.82,10672.27,1243.6,3138.25
9/23/2020,6119.78,10632.99,1249.27,3129.96
9/22/2020,6258.87,10963.64,1283.9,3208.13
9/21/2020,6163.56,10778.8,1259.44,3176.22
9/18/2020,6158.56,10793.28,1236.6,3208.57
9/17/2020,6241.33,10910.28,1243.56,3241.11
9/16/2020,6291.72,11050.47,1260.11,3270.16
9/15/2020,6363.08,11190.32,1279.86,3286.16
9/14/2020,6285.96,11056.65,1258.57,3266.05
9/11/2020,6172.09,10853.55,1235.18,3219.94
9/10/2020,6191.42,10919.59,1253.14,3219.24
9/9/2020,6294.84,11141.56,1269.07,3275.21
9/8/2020,6150.72,10847.69,1234.12,3207.54
9/4/2020,6435.31,11313.13,1278.7,3305.63
9/3/2020,6543.56,11458.1,1320.11,3334.54
9/2/2020,6915.12,12056.44,1398.65,3461.32
9/1/2020,6781.63,11939.67,1391.54,3414.21
8/31/2020,6651.3,11775.46,1351.28,3385.29
8/28/2020,6658.12,11695.63,1354.16,3386.44
8/27/2020,6557.04,11625.34,1339.44,3364.4
8/26/2020,6611.03,11665.06,1345.39,3358.65
8/25/2020,6515.61,11466.47,1274.3,3322.61
8/24/2020,6458.27,11379.72,1261.16,3310.56
8/21/2020,6408.71,11311.8,1255.19,3280.51
8/20/2020,6400.13,11264.95,1264.13,3268.88
8/19/2020,6358.49,11146.46,1238.9,3256.22
8/18/2020,6384.52,11210.84,1239.41,3271.45
8/17/2020,6372.03,11129.73,1225.18,3262.85
8/14/2020,6304.57,11019.3,1210.29,3248.97
8/13/2020,6332.94,11042.5,1216.5,3249.95
8/12/2020,6360.46,11012.24,1198.3,3253.49
8/11/2020,6224.3,10782.82,1186.8,3206.47
8/10/2020,6310.44,10968.36,1207.32,3233.33
8/7/2020,6330.84,11010.98,1226.54,3227.67
8/6/2020,6415.15,11108.07,1255.25,3228.82
8/5/2020,6424.57,10998.4,1252.25,3210.03
8/4/2020,6434.51,10941.17,1245.07,3189.37
8/3/2020,6379.6,10902.8,1249.68,3178.41
7/31/2020,6300.77,10745.27,1224.79,3153.99
7/30/2020,6271.73,10587.81,1215.83,3130.51
7/29/2020,6202.32,10542.94,1217.83,3140.76
7/28/2020,6087.28,10402.09,1192.79,3100.54
7/27/2020,6178.72,10536.27,1202.86,3122.66
7/24/2020,6056.31,10363.18,1183.53,3096.18
7/23/2020,6160.96,10461.42,1197.16,3117.56
7/22/2020,6270.14,10706.13,1222.17,3158.66
7/21/2020,6251.93,10680.36,1217.2,3140.63
7/20/2020,6300.96,10767.09,1231.71,3138.04
7/17/2020,6146.18,10503.19,1185.8,3107.77
7/16/2020,6097.32,10473.83,1174,3097.37
7/15/2020,6136.15,10550.49,1189.59,3108.57
7/14/2020,6122.22,10488.58,1187.48,3080
7/13/2020,6063.25,10390.84,1182.8,3039.27
7/10/2020,6204.61,10617.44,1236.96,3072.38
7/9/2020,6212.35,10547.75,1245.01,3040.36
7/8/2020,6145.35,10492.5,1235.28,3055.38
7/7/2020,6065.78,10343.89,1209.62,3029.85
7/6/2020,6124.41,10433.65,1219.14,3060.93
7/2/2020,5997.08,10207.63,1206.35,3011.4
7/1/2020,5948.33,10154.63,1202.35,2997.33
6/30/2020,5960.27,10058.77,1182.49,2980.73
6/29/2020,5834.06,9874.15,1158.48,2934.22
6/26/2020,5787.84,9757.22,1161.04,2893.15
6/25/2020,5864.11,10017,1170.44,2964.14
6/24/2020,5808.34,9909.17,1154.53,2930.82
6/23/2020,5942.02,10131.37,1180.01,3008.55
6/22/2020,5922.39,10056.47,1182.19,2996.4
6/19/2020,5872.05,9946.12,1157.71,2976.76
6/18/2020,5888.18,9943.05,1159.27,2992.21
6/17/2020,5878.95,9910.53,1141.98,2989.21
6/16/2020,5857.87,9895.87,1145.87,2998.49
6/15/2020,5729.98,9726.02,1123.5,2943.42
6/12/2020,5662.47,9588.81,1103.41,2915.7
6/11/2020,5577.63,9492.73,1086.24,2879.38
6/10/2020,5937.96,10020.35,1149.85,3057.44
6/9/2020,5915.05,9953.75,1132.05,3070.04
6/8/2020,5934.03,9924.74,1139.6,3093.62
6/5/2020,5915.47,9814.08,1124.44,3056.71
6/4/2020,5760.52,9615.81,1106.96,2981.73
6/3/2020,5783.06,9682.91,1133.26,2995.02
6/2/2020,5675.23,9608.37,1127.62,2955.15
6/1/2020,5610.49,9552.05,1126.75,2931.43
5/29/2020,5619.86,9489.87,1114.54,2918.45
5/28/2020,5499.21,9368.99,1090.42,2903.38
5/27/2020,5547.1,9412.36,1077.81,2909.41
5/26/2020,5493.2,9340.22,1077.54,2867.61
5/22/2020,5453.3,9324.59,1084.62,2832.78
5/21/2020,5432.77,9284.88,1071,2824.86
5/20/2020,5513.5,9375.78,1077.54,2846.24
5/19/2020,5370.01,9185.1,1060.76,2799.37
5/18/2020,5366.88,9234.83,1054.28,2828.03
5/15/2020,5193.21,9014.56,1044.03,2741.83
5/14/2020,5225.57,8943.72,1027.45,2730.66
5/13/2020,5124.94,8863.17,1020.94,2699.2
5/12/2020,5236.09,9002.55,1044.79,2748.57
5/11/2020,5366.34,9192.34,1070.76,2806.17
5/8/2020,5355.32,9121.32,1055.47,2805.05
5/7/2020,5245.13,8979.66,1046.32,2757.77
5/6/2020,5186.01,8854.39,1017.18,2724
5/5/2020,5140.95,8809.12,1005.28,2741.08
5/4/2020,5048.18,8710.71,984.02,2714.95
5/1/2020,4999.58,8604.95,965.86,2701.64
4/30/2020,5234,8889.55,1000.74,2780.19
4/29/2020,5338.01,8914.71,999.52,2807.5
4/28/2020,5125.77,8607.73,958.14,2733.53
4/27/2020,5198.8,8730.16,976.96,2748.44
4/24/2020,5134.99,8634.52,959.13,2705.7
4/23/2020,5035.21,8494.75,944.59,2668.27
4/22/2020,5079.41,8495.38,952.09,2669.37
4/21/2020,4856.8,8263.23,921.28,2608.72
4/20/2020,5076.43,8560.73,969.82,2692.43
4/17/2020,5156.76,8650.14,972.55,2740.34
4/16/2020,5086.88,8532.36,949.18,2667.97
4/15/2020,4992.71,8393.18,938.52,2652.56
4/14/2020,5095.82,8515.74,951.4,2711.5
4/13/2020,4892.85,8192.42,910.34,2630.85
4/9/2020,4872.04,8153.58,911.45,2657.07
4/8/2020,4905.42,8090.9,901.34,2617.37
4/7/2020,4757.95,7887.26,867.91,2529.9
4/6/2020,4783.16,7913.24,880.09,2532.67
4/3/2020,4378.9,7373.08,813.87,2364.36
4/2/2020,4459.01,7487.31,828.37,2401.62
4/1/2020,4378.75,7360.58,828.27,2350
3/31/2020,4606.71,7700.1,869.03,2459.87
3/30/2020,4687.48,7774.15,886.76,2500.02
3/27/2020,4502.7,7502.38,858.12,2420.7
3/26/2020,4726.88,7797.54,896.29,2504.23
3/25/2020,4441.51,7384.3,840.42,2357.18
3/24/2020,4478.83,7417.86,848.25,2328.08
3/23/2020,4091.46,6860.67,785.61,2128.07
3/20/2020,4030.77,6879.52,785.54,2190.98
3/19/2020,4178.29,7150.58,802.3,2288.57
3/18/2020,4072.6,6989.84,779.37,2272.43
3/17/2020,4373.62,7334.78,817.2,2399.78
3/16/2020,4043.34,6904.59,760.68,2266.21
3/13/2020,4660.58,7874.88,870.71,2578.81
3/12/2020,4229.47,7201.8,790.14,2363.68
3/11/2020,4694.43,7952.05,872.48,2612.29
3/10/2020,4928.09,8344.25,920.08,2747.86
3/9/2020,4690.86,7950.68,877.18,2619.87
3/6/2020,5086.42,8575.62,949.08,2837.92
3/5/2020,5197.42,8738.6,982.82,2888.41
3/4/2020,5367.52,9018.09,1012.77,2988.62
3/3/2020,5138.99,8684.09,975.28,2869.29
3/2/2020,5314.01,8952.16,1013.78,2950.52
2/28/2020,5135.31,8567.37,980.13,2822.38
2/27/2020,5077.97,8566.48,973.64,2846.07
2/26/2020,5325.34,8980.77,1017.11,2977.57
2/25/2020,5320.84,8965.61,1015.39,2990.3
2/24/2020,5481.01,9221.28,1044.27,3084.36
2/21/2020,5723.17,9576.59,1078.85,3191.16
2/20/2020,5872.84,9750.96,1103.88,3225.48
2/19/2020,5954.62,9817.18,1116.41,3236.73
2/18/2020,5867.2,9732.74,1109.68,3221.01
2/14/2020,5907.67,9731.18,1107.82,3229.48
2/13/2020,5909.47,9711.97,1098.28,3222.86
2/12/2020,5915.5,9725.96,1095.09,3226.69
2/11/2020,5847.53,9638.94,1086.34,3205.97
2/10/2020,5798.66,9628.39,1088.37,3199.3
2/7/2020,5721.41,9520.51,1073.84,3175.86
2/6/2020,5803.72,9572.15,1074.56,3193.08
2/5/2020,5761.13,9508.68,1068.12,3182.66
2/4/2020,5712.62,9467.97,1082.17,3151.71
2/3/2020,5564.53,9273.4,1054.31,3103.25
1/31/2020,5473.45,9150.94,1037.95,3078.78
1/30/2020,5621.13,9298.93,1055.68,3133.69
1/29/2020,5617.78,9275.16,1041.55,3123.56
1/28/2020,5673.06,9269.68,1043.57,3125.83
1/27/2020,5580.69,9139.31,1026.86,3094.4
1/24/2020,5742.86,9314.91,1043.43,3143.46
1/23/2020,5799.71,9402.48,1049.66,3171.84
1/22/2020,5752.17,9383.77,1043.87,3168.21
1/21/2020,5733.2,9370.81,1043.51,3166.3
1/17/2020,5736.06,9388.94,1040.23,3173.84
1/16/2020,5723.8,9357.13,1038.65,3162.31
1/15/2020,5643.19,9258.7,1026.41,3135.77
1/14/2020,5669.49,9251.33,1023.48,3130.4
1/13/2020,5681.61,9273.93,1028.63,3134.93
1/10/2020,5622.4,9178.86,1016.46,3112.39
1/9/2020,5640.1,9203.43,1017.96,3120.87
1/8/2020,5595.44,9129.24,1007.98,3100.21
1/7/2020,5558.13,9068.58,997.06,3084.79
1/6/2020,5500.13,9071.46,994.92,3092.73
1/3/2020,5512.15,9020.77,983.13,3081.74
1/2/2020,5577.23,9092.19,987.34,3102.58
12/31/2019,5457.73,8972.6,967.6,3076.49
12/30/2019,5441.67,8945.99,965.26,3067.31
12/27/2019,5480.09,9006.62,976.43,3085.41
12/26/2019,5492.35,9022.39,976.46,3085.41
12/24/2019,5471.91,8952.88,970.74,3069.66
12/23/2019,5468.66,8945.65,972.1,3069.92
12/20/2019,5460.6,8924.96,971.97,3067.22
12/19/2019,5422.66,8887.22,965.51,3052.12
12/18/2019,5380.34,8827.73,959.41,3038.25
12/17/2019,5368.6,8823.36,954.17,3039.35
12/16/2019,5363.47,8814.23,960.53,3038.74
12/13/2019,5303.91,8734.88,949.76,3016.65
12/12/2019,5303.86,8717.32,941.31,3016.16
12/11/2019,5216.72,8654.05,940.68,2992.02
12/10/2019,5149.71,8616.18,941.67,2983.78
12/9/2019,5140.84,8621.83,946.35,2987.05
12/6/2019,5166.49,8656.53,948.88,2996.71
12/5/2019,5104.43,8570.7,944.34,2970.13
12/4/2019,5095.08,8566.67,944.12,2965.85
12/3/2019,5050.18,8520.64,948.94,2947.99
12/2/2019,5103.87,8567.99,950.15,2966.95
11/29/2019,5187.08,8665.47,969.19,2993.5
11/27/2019,5222.52,8705.18,971.63,3006.21
11/26/2019,5178.33,8647.93,966.58,2993.61
11/25/2019,5177.95,8632.49,961.26,2987.06
11/22/2019,5093.32,8519.88,951.18,2963.98
11/21/2019,5083.02,8506.21,950.41,2957.53
11/20/2019,5121.56,8526.73,954.2,2962.4
11/19/2019,5159.81,8570.66,951.06,2972.22
11/18/2019,5162.08,8549.94,940.45,2972.98
11/15/2019,5167.26,8540.83,937.76,2971.24
11/14/2019,5118.21,8479.02,926.55,2948.29
11/13/2019,5129.42,8482.1,925.75,2945.73
11/12/2019,5127.48,8486.09,923.67,2943.38
11/11/2019,5107.73,8464.28,917.21,2938.82
11/8/2019,5125.79,8475.31,914.73,2943.73
11/7/2019,5104.02,8434.52,907.29,2935.75
11/6/2019,5058.86,8410.63,903.54,2927.24
11/5/2019,5087.67,8434.68,904.72,2925.53
11/4/2019,5086.83,8433.2,900.54,2929.56
11/1/2019,5017.88,8386.4,903.03,2919.34
10/31/2019,4932.7,8292.36,890.62,2891.19
10/30/2019,4979.18,8303.98,899.04,2900.18
10/29/2019,4958.13,8276.85,885.37,2890.81
10/28/2019,4985.4,8325.99,887.27,2893.69
10/25/2019,4923.94,8243.12,878.63,2877.61
10/24/2019,4878.45,8185.8,874.7,2865.41
10/23/2019,4780.9,8119.79,852.97,2858.21
10/22/2019,4816.72,8104.3,849.16,2850.19
10/21/2019,4873.15,8162.99,866.29,2861.02
10/18/2019,4808.76,8089.54,861.73,2841.61
10/17/2019,4864.06,8156.85,879.39,2853.05
10/16/2019,4859.83,8124.18,883.57,2844.88
10/15/2019,4923.56,8148.71,906.38,2851.91
10/14/2019,4844.24,8048.65,899.32,2823.86
10/11/2019,4842,8057.04,899.62,2827.66
10/10/2019,4749.27,7950.78,883.81,2796.05
10/9/2019,4712.53,7903.74,882.61,2778.44
10/8/2019,4642.53,7823.78,869.97,2753.18
10/7/2019,4764.9,7956.29,889.5,2797.79
10/4/2019,4786.63,7982.47,887.45,2810.02
10/3/2019,4711.69,7872.26,871.88,2770.86
10/2/2019,4646.22,7785.25,855.33,2748.4
10/1/2019,4719.83,7908.68,868.7,2797.84
9/30/2019,4771.68,7999.34,878.01,2832.91
9/27/2019,4731.77,7939.63,869.25,2818.25
9/26/2019,4836.17,8030.66,888.7,2834.23
9/25/2019,4822.61,8077.38,885.25,2841.23
9/24/2019,4747.31,7993.63,877.66,2823.4
9/23/2019,4830.13,8112.46,896.06,2848.28
9/20/2019,4817.57,8117.67,896.87,2848.6
9/19/2019,4877.92,8182.88,898.57,2862.74
9/18/2019,4895.12,8177.39,892.38,2862.63
9/17/2019,4898.88,8186.02,895.92,2862.33
9/16/2019,4880.33,8153.54,890.21,2854.59
9/13/2019,4901.77,8176.71,884.82,2861.78
9/12/2019,4919.54,8194.47,892.36,2864.8
9/11/2019,4914.34,8169.68,893.04,2856.72
9/10/2019,4852.83,8084.16,884.62,2835.96
9/9/2019,4857.65,8087.44,891.42,2835.39
9/6/2019,4853.44,8103.07,906.7,2836.88
9/5/2019,4850.05,8116.83,913.96,2834.55
9/4/2019,4728.99,7976.88,898.86,2798.46
9/3/2019,4636.64,7874.16,888.65,2768.25
8/30/2019,4693.41,7962.88,899.36,2787.6
8/29/2019,4678.04,7973.39,902.64,2785.94
8/28/2019,4586.79,7856.88,887.02,2751.1
8/27/2019,4581.85,7826.95,898.06,2733.89
8/26/2019,4595.86,7853.74,900.85,2743.07
8/23/2019,4544.77,7751.77,890.36,2713.78
8/22/2019,4704.5,7991.39,903.3,2785.9
8/21/2019,4707.48,8020.21,904.87,2787.82
8/20/2019,4665.59,7948.56,890.88,2764.52
8/19/2019,4700.18,8002.81,892.85,2785.79
8/16/2019,4623.81,7895.99,889.08,2753.1
8/15/2019,4532.78,7766.62,876.58,2713.53
8/14/2019,4545.62,7773.94,875.61,2707.5
8/13/2019,4691.09,8016.36,905.49,2789.55
8/12/2019,4563.88,7863.41,889.42,2749
8/9/2019,4632.22,7959.14,904.54,2783.05
8/8/2019,4697.93,8039.16,911.67,2802.04
8/7/2019,4550.56,7862.83,882.76,2749.63
8/6/2019,4531.81,7833.27,881.97,2746.94
8/5/2019,4469.97,7726.04,873.17,2711.32
8/2/2019,4655.56,8004.07,907.42,2795.25
8/1/2019,4762.81,8111.12,925.49,2817.36
7/31/2019,4811.69,8175.42,928.56,2843.24
7/30/2019,4937.59,8273.61,945.94,2873.57
7/29/2019,4952.96,8293.33,952.35,2881.07
7/26/2019,4971.76,8330.21,965.64,2886.54
7/25/2019,4961.36,8238.54,956.63,2864.87
7/24/2019,5026.65,8321.5,963.46,2880.71
7/23/2019,4948.62,8251.4,950.36,2866.4
7/22/2019,4906.49,8204.14,952.52,2847.1
7/19/2019,4836.33,8146.49,946.34,2838.94
7/18/2019,4868.73,8207.24,955.19,2856.73
7/17/2019,4820.15,8185.21,954.03,2846.43
7/16/2019,4822.5,8222.8,951.09,2863.9
7/15/2019,4876.39,8258.19,961.91,2874.15
7/12/2019,4879.65,8244.14,963.11,2873.35
7/11/2019,4823.99,8196.04,960.53,2859.78
7/10/2019,4812.35,8202.53,954.45,2853.43
7/9/2019,4767.52,8141.73,946.9,2840.84
7/8/2019,4734.41,8098.38,941.22,2835.94
7/5/2019,4757.68,8161.79,944.97,2850.48
7/3/2019,4773.91,8170.23,945.11,2855.23
7/2/2019,4747.96,8109.09,933.41,2833.05
7/1/2019,4766.31,8091.16,928.47,2824.99
6/28/2019,4660.72,8006.24,914.23,2803.32
6/27/2019,4635.1,7967.76,909.1,2786.98
6/26/2019,4585.47,7909.97,898.46,2775.56
6/25/2019,4502.12,7884.72,897.87,2778.96
6/24/2019,4581.64,8005.7,918.81,2806.05
6/21/2019,4582.63,8031.71,925.78,2812.11
6/20/2019,4605.66,8051.34,933.93,2816.55
6/19/2019,4546.38,7987.32,916.61,2790.48
6/18/2019,4517.64,7953.88,901.48,2781.49
6/17/2019,4399.4,7845.02,892.37,2754.41
6/14/2019,4408.86,7796.66,889.39,2751.34
6/13/2019,4475.38,7837.13,897.42,2756.53
6/12/2019,4460.17,7792.72,895.11,2745.23
6/11/2019,4517.51,7822.57,891.41,2750.57
6/10/2019,4515.88,7823.17,902.32,2752.11
6/7/2019,4435.8,7742.1,894.46,2738.4
6/6/2019,4375.45,7615.55,881.34,2709.88
6/5/2019,4329.21,7575.48,875.85,2693.6
6/4/2019,4320.98,7527.12,863.3,2671.61
6/3/2019,4170.02,7333.02,835.84,2615.02
